Status,Main Topic 1,Subtopic 2,Subtopic 3,Subtopic 4 / Individual Page,Keyword,Search Volume,UNIQUE TOPICS
Researching,Kiến thức,Sơ chế,Bảo quản,bảo quản dược liệu,bảo quản dược liệu,10,TRUE
Researching,Kiến thức,Kỹ thuật gieo trồng,Bón phân,cách bón lót,cách bón lót,30,TRUE
Researching,Kiến thức,Kỹ thuật gieo trồng,Bón phân,cách bón thúc,cách bón thúc,30,TRUE
Researching,Kiến thức,Kỹ thuật gieo trồng,Bón phân,loại phân nào dùng để bón lót,loại phân nào dùng để bón lót,30,TRUE
Researching,Kiến thức,Kỹ thuật Chăm sóc,diệt cỏ,cách diệt cỏ dại,cách diệt cỏ dại,20,TRUE
Researching,Kiến thức,Kỹ thuật gieo trồng,đất trồng,trộn đất trồng cây,trộn đất trồng cây,70,TRUE
Researching,Kiến thức,Kỹ thuật gieo trồng,giống cây,cách giâm cành,cách giâm cành,390,TRUE
Researching,Kiến thức,Kỹ thuật gieo trồng,giống cây,cách giâm cành đinh lăng,cách giâm cành đinh lăng,70,TRUE
Researching,Kiến thức,Kỹ thuật gieo trồng,giống cây,cách ủ hạt giống,cách ủ hạt giống,210,TRUE
Researching,Kiến thức,Phòng trừ sâu bệnh,Các bệnh phổ biến,bệnh đốm lá,bệnh đốm lá,260,TRUE
Researching,Kiến thức,Phòng trừ sâu bệnh,Các bệnh phổ biến,bệnh lở cổ rễ,bệnh lở cổ rễ,110,TRUE
Researching,Kiến thức,Phòng trừ sâu bệnh,Các bệnh phổ biến,bệnh mốc sương,bệnh mốc sương,90,TRUE
Researching,Kiến thức,Giá,Cây dược liệu,giá đinh lăng,giá đinh lăng,70,TRUE
Researching,Kiến thức,Giá,Cây dược liệu,giá atiso,giá atiso,30,TRUE
Researching,Kiến thức,Kỹ thuật trồng,Cây dược liệu,kỹ thuật trồng cây dược liệu,kỹ thuật trồng cây dược liệu,10,TRUE
Researching,Kiến thức,Tiêu chuẩn trồng,Cây dược liệu,tiêu chuẩn gmp,tiêu chuẩn gmp,210,TRUE
Researching,Kiến thức,Tiêu chuẩn trồng,Cây dược liệu,tiêu chuẩn gacp,tiêu chuẩn gacp,30,TRUE
Researching,Kiến thức,Tiêu chuẩn trồng,Cây dược liệu,tiêu chuẩn gmp who,tiêu chuẩn gmp who,30,TRUE
Researching,Kiến thức,Kỹ thuật trồng,Cây thu củ/rễ,Kỹ thuật trồng Ba kích,Kỹ thuật trồng Ba kích,20,TRUE
Researching,Kiến thức,Kỹ thuật trồng,Cây thu củ/rễ,Kỹ thuật trồng đinh lăng,Kỹ thuật trồng đinh lăng,20,TRUE
Researching,Kiến thức,Kỹ thuật trồng,Cây thu củ/rễ,Kỹ thuật trồng Hà thủ ô,Kỹ thuật trồng Hà thủ ô,20,TRUE
Researching,Kiến thức,Kỹ thuật trồng,Cây thu hoa/lá,Kỹ thuật trồng actiso,Kỹ thuật trồng actiso,,TRUE
Researching,Kiến thức,Sâu hại & Côn trùng,Côn trùng hút chích,cách trị rệp sáp,cách trị rệp sáp,210,TRUE
Researching,Kiến thức,Kỹ thuật gieo trồng,đất trồng,trộn vỏ trấu vào đất,trộn vỏ trấu vào đất,70,TRUE
Researching,Kiến thức,Kỹ thuật gieo trồng,đất trồng,trộn xơ dừa với đất,trộn xơ dừa với đất,20,TRUE
Researching,Kiến thức,Kỹ thuật gieo trồng,đất trồng,tỷ lệ trộn đất trồng rau,tỷ lệ trộn đất trồng rau,30,TRUE
Researching,Kiến thức,Kỹ thuật Chăm sóc,diệt cỏ,diệt cỏ bằng muối,diệt cỏ bằng muối,170,TRUE
Researching,Kiến thức,Kỹ thuật gieo trồng,giống cây,cách ươm hạt giống,cách ươm hạt giống,210,TRUE
Researching,Kiến thức,Phòng trừ sâu bệnh,Các bệnh phổ biến,bệnh nứt thân xì mủ,bệnh nứt thân xì mủ,40,TRUE
Researching,Kiến thức,Phòng trừ sâu bệnh,Các bệnh phổ biến,bệnh phấn trắng,bệnh phấn trắng,590,TRUE
Researching,Kiến thức,Phòng trừ sâu bệnh,Các bệnh phổ biến,bệnh rỉ sắt,bệnh rỉ sắt,260,TRUE
Researching,Kiến thức,Phòng trừ sâu bệnh,Các bệnh phổ biến,bệnh thán thư,bệnh thán thư,880,TRUE
Researching,Kiến thức,Phòng trừ sâu bệnh,Các bệnh phổ biến,bệnh thối rễ,bệnh thối rễ,90,TRUE
Researching,Kiến thức,Kỹ thuật gieo trồng,giống cây,giá thể là gì,giá thể là gì,1300,TRUE
Researching,Kiến thức,kiểm định dược liệu,kiểm định dược liệu,kiểm định dược liệu,kiểm định dược liệu,,TRUE
Researching,Kiến thức,Kỹ thuật trồng,Nấm dược liệu,Kỹ thuật trồng nấm linh chi,Kỹ thuật trồng nấm linh chi,10,TRUE
Researching,Kiến thức,Sơ chế,Phơi & Sấy khô,phơi âm can,phơi âm can,20,TRUE
Researching,Kiến thức,Sơ chế,Phơi & Sấy khô,phơi sấy dược liệu,phơi sấy dược liệu,10,TRUE
Researching,Kiến thức,Sơ chế,Phơi & Sấy khô,phương pháp sấy lạnh,phương pháp sấy lạnh,30,TRUE
Researching,Dịch vụ,Thu mua,Dược liệu,thu mua dược liệu,thu mua dược liệu,30,TRUE
Researching,Dịch vụ,Thu mua,Dược liệu,Thu mua dược liệu tại hà nội,thu mua dược liệu tại hà nội,30,TRUE
Researching,Dịch vụ,Thu mua,Dược liệu,Thu mua dược liệu tại miền Bắc,thu mua dược liệu tại miền Bắc,30,TRUE
Researching,Dịch vụ,Thu mua,Cây dược liệu,thu mua atiso,thu mua atiso,,TRUE
Researching,Dịch vụ,Thu mua,Cây dược liệu,thu mua nấm linh chi,thu mua nấm linh chi,30,TRUE
Researching,Dịch vụ,Thu mua,Cây dược liệu,thu mua Hà thủ ô,thu mua Hà thủ ô,,TRUE
Researching,Dịch vụ,Thu mua,Cây dược liệu,thu mua Ba kích,thu mua Ba kích,,TRUE
Researching,Dịch vụ,Thu mua,Cây dược liệu,thu mua đinh lăng,thu mua đinh lăng,10,TRUE
Researching,Kiến thức,Sơ chế,Phơi & Sấy khô,quy trình sấy thăng hoa,quy trình sấy thăng hoa,70,TRUE
Researching,Kiến thức,Sơ chế,Sơ chế thô,sơ chế dược liệu,sơ chế dược liệu,20,TRUE
Researching,Kiến thức,Kỹ thuật gieo trồng,giống cây,các phương pháp nhân giống cây trồng,các phương pháp nhân giống cây trồng,50,TRUE
Researching,Kiến thức,Kỹ thuật gieo trồng,giống cây,chiết cành bằng nước,chiết cành bằng nước,720,TRUE
Researching,Kiến thức,Kỹ thuật gieo trồng,giống cây,phương pháp ghép cành,phương pháp ghép cành,110,TRUE
Researching,Kiến thức,Kỹ thuật gieo trồng,giống cây,phương pháp chiết cành,phương pháp chiết cành,210,TRUE
Researching,Kiến thức,Kỹ thuật gieo trồng,giống cây,phương pháp nuôi cấy mô tế bào thực vật,phương pháp nuôi cấy mô tế bào thực vật,20,TRUE
Researching,Kiến thức,Kỹ thuật gieo trồng,giống cây,phương pháp nhân giống vô tính,phương pháp nhân giống vô tính,90,TRUE
Researching,Kiến thức,Kỹ thuật gieo trồng,giống cây,phương pháp nhân giống hữu tính,phương pháp nhân giống hữu tính,40,TRUE
Researching,Kiến thức,Kỹ thuật gieo trồng,giống cây,cách xử lý hạt giống,cách xử lý hạt giống,10,TRUE
Researching,Kiến thức,Kỹ thuật gieo trồng,giống cây,cách ủ hạt giống,cách ủ hạt giống,210,TRUE
Researching,Kiến thức,Kỹ thuật Chăm sóc,diệt cỏ,cách diệt cỏ tranh,cách diệt cỏ tranh,50,TRUE
Researching,Kiến thức,Kỹ thuật gieo trồng,đất trồng,các loại đất trồng cây,các loại đất trồng cây,70,TRUE
Researching,Kiến thức,Kỹ thuật gieo trồng,đất trồng,đất cát trồng cây gì,đất cát trồng cây gì,140,TRUE
Researching,Kiến thức,Kỹ thuật gieo trồng,đất trồng,đất mặn trồng cây gì,đất mặn trồng cây gì,30,TRUE
Researching,Kiến thức,Kỹ thuật gieo trồng,đất trồng,đất phèn trồng cây gì,đất phèn trồng cây gì,110,TRUE
Researching,Kiến thức,Kỹ thuật gieo trồng,đất trồng,đất phù sa thích hợp trồng cây gì,đất phù sa thích hợp trồng cây gì,110,TRUE
Researching,Kiến thức,Kỹ thuật gieo trồng,đất trồng,đất sét trồng cây gì,đất sét trồng cây gì,70,TRUE
Researching,Kiến thức,Kỹ thuật gieo trồng,đất trồng,cách đo ph đất,cách đo ph đất,70,TRUE
Researching,Kiến thức,Kỹ thuật gieo trồng,đất trồng,độ ph của đất,độ ph của đất,170,TRUE
Researching,Kiến thức,Kỹ thuật gieo trồng,đất trồng,nâng ph đất,nâng ph đất,110,TRUE
Researching,Kiến thức,Kỹ thuật gieo trồng,đất trồng,cách làm đất tơi xốp,cách làm đất tơi xốp,90,TRUE
Researching,Kiến thức,Kỹ thuật gieo trồng,đất trồng,kim loại nặng trong đất,kim loại nặng trong đất,20,TRUE
Researching,Kiến thức,Kỹ thuật Chăm sóc,bón phân,phân chuồng là gì,phân chuồng là gì,140,TRUE
Researching,Kiến thức,Kỹ thuật Chăm sóc,bón phân,cách ủ phân chuồng,cách ủ phân chuồng,210,TRUE
Researching,Kiến thức,Kỹ thuật Chăm sóc,bón phân,phân chuồng hoai mục,phân chuồng hoai mục,140,TRUE
Researching,Kiến thức,Kỹ thuật Chăm sóc,bón phân,các loại phân hữu cơ,các loại phân hữu cơ,210,TRUE
Researching,Kiến thức,Kỹ thuật Chăm sóc,bón phân,các loại phân bón vô cơ,các loại phân bón vô cơ,50,TRUE
Researching,Kiến thức,Phòng trừ sâu bệnh,Các bệnh phổ biến,bệnh héo xanh,bệnh héo xanh,110,TRUE
Researching,Kiến thức,Phòng trừ sâu bệnh,Các bệnh phổ biến,bệnh héo vàng,bệnh héo vàng,10,TRUE
Researching,Kiến thức,Phòng trừ sâu bệnh,Các bệnh phổ biến,bệnh khảm lá,bệnh khảm lá,140,TRUE
Researching,Kiến thức,Phòng trừ sâu bệnh,Các bệnh phổ biến,bệnh mốc xám,bệnh mốc xám,90,TRUE
Researching,Kiến thức,Phòng trừ sâu bệnh,Các bệnh phổ biến,bệnh thối củ,bệnh thối củ,50,TRUE
Researching,Kiến thức,Phòng trừ sâu bệnh,Các bệnh phổ biến,bệnh muội đen,bệnh muội đen,40,TRUE
Researching,Kiến thức,Phòng trừ sâu bệnh,Các bệnh phổ biến,tuyến trùng rễ,tuyến trùng rễ,590,TRUE